first_name,last_name,age,email,salary,join_date
Quincy,White,33,beatrice@example.com,64642,2022-08-07 00:00:00
Xena,Rodriguez,28,quincy@example.com,96273,2021-09-03 00:00:00
Leo,Smith,56,charlie@example.com,117527,2023-07-07 00:00:00
Jack,Allen,33,vera@example.com,54033,2021-12-02 00:00:00
Charlie,Taylor,38,quinn@example.com,30837,2023-12-05 00:00:00
Charlie,Miller,55,steve@example.com,60876,2023-06-15 00:00:00
Steve,Walker,unknown,olivia@example.com,78191,2021-11-10 00:00:00
Uma,Walker,19,ulysses@example.com,44596,2020-11-08 00:00:00
Catherine,Miller,37,quinn@example.com,80422,2020-10-03 00:00:00
Jack,Miller,50,isaac@example.com,41174,2022-07-09 00:00:00
Tara,Clark,43,tina@example.com,115977,2020-04-15 00:00:00
Beatrice,King,40,steve@example.com,61174,2022-10-31 00:00:00
Eve,Wright,21,rachel@example.com,106018,2023-07-18 00:00:00
Wendy,King,51,hannah@example.com,55580,2021-01-04 00:00:00
Kevin,Hall,43,henry@example.com,60701,2021-02-12 00:00:00
Paul,Miller,24,nate@example.com,50492,2021-03-11 00:00:00
Mia,Thomas,51,uma@example.com,37724,2020-05-08 00:00:00
Uma,Torres,27,rosa@example.com,95236,2021-07-04 00:00:00
Isaac,Martin,54,quincy@example.com,117202,2021-10-21 00:00:00
Isaac,Williams,30,alice@example.com,43020,2022-05-13 00:00:00
Uma,White,19,xena@example.com,114294,2020-11-27 00:00:00
Isaac,Garcia,49,olivia@example.com,118806,2023-06-06 00:00:00
Ulysses,Martin,24,grace@example.com,109957,2023-02-06 00:00:00
Ulysses,Flores,43,invalid_email,44548,2022-09-06 00:00:00
Xena,Miller,38,liam@example.com,108307,2022-11-24 00:00:00
Eve,Williams,38,victor@example.com,95167,2021-12-03 00:00:00
David,Allen,31,tina@example.com,52227,2023-04-07 00:00:00
Bob,Baker,43,xena@example.com,76864,2021-04-26 00:00:00
Quincy,Torres,47,gina@example.com,105636,2022-11-01 00:00:00
Leo,Hill,63,charlie@example.com,NULL,2023-11-11 00:00:00
Ella,Green,26,paul@example.com,113764,2023-03-23 00:00:00
Ivy,Scott,31,henry@example.com,42837,2022-10-31 00:00:00
Eve,Nguyen,42,yasmine@example.com,61279,2022-12-22 00:00:00
Bob,Adams,33,quinn@example.com,113345,2022-05-10 00:00:00
Beatrice,Martinez,54,rachel@example.com,101786,2022-05-15 00:00:00
Isaac,Miller,32,catherine@example.com,82976,2020-02-26 00:00:00
Ivy,Jones,50,tina@example.com,79274,2022-05-14 00:00:00
Leo,Mitchell,34,invalid_email,60885,2023-03-25 00:00:00
Leo,Allen,44,nate@example.com,31883,2022-13-01
Alice,Adams,NULL,maya@example.com,56218,2021-05-06 00:00:00
Mia,Mitchell,28,piper@example.com,115644,2021-12-27 00:00:00
Liam,Miller,52,uma@example.com,73308,2023-11-13 00:00:00
Kevin,Rivera,44,grace@example.com,98155,2020-05-10 00:00:00
Rachel,Walker,unknown,isaac@example.com,49932,2020-12-23 00:00:00
Charlie,Davis,23,ella@example.com,not_available,2022-07-14 00:00:00
Catherine,Thomas,49,isaac@example.com,48158,2023-05-19 00:00:00
Charlie,Campbell,unknown,steve@example.com,70646,2021-11-21 00:00:00
Bob,Flores,56,catherine@example.com,79548,2020-07-15 00:00:00
Tara,Thompson,24,aaron@example.com,94828,2023-12-16 00:00:00
Walter,Davis,43,uma@example.com,72366,2022-01-05 00:00:00
Quincy,White,27,alice@example.com,85119,2023-08-25 00:00:00
Charlie,Johnson,30,xena@example.com,81358,2021-11-19 00:00:00
Paul,Miller,55,kevin@example.com,87217,2021-11-27 00:00:00
Hannah,Martin,57,bob@example.com,34623,2023-12-08 00:00:00
Xander,Allen,38,ulysses@example.com,80631,2020-03-07 00:00:00
Leo,Miller,45,alice@example.com,45895,2023-09-26 00:00:00
Bob,Johnson,NULL,bob@example.com,117438,2022-03-25 00:00:00
Quinn,Garcia,53,noah@example.com,71371,2021-11-19 00:00:00
Zoe,King,19,walter@example.com,77136,2023-08-26 00:00:00
Steve,White,41,rosa@example.com,30390,2022-06-06 00:00:00
Hannah,Clark,43,yara@example.com,115106,2020-02-20 00:00:00
Jack,Miller,63,kevin@example.com,77015,2021-09-05 00:00:00
Isaac,Allen,34,invalid_email,38217,2020-11-10 00:00:00
Frank,Martinez,54,felix@example.com,104322,2020-11-30 00:00:00
Tara,Wilson,21,gina@example.com,32277,2021-03-02 00:00:00
Eve,Moore,33,charlie@example.com,108482,2022-08-14 00:00:00
Jack,White,56,charlie@example.com,92468,2022-01-08 00:00:00
Maya,Lee,52,yara@example.com,40676,2021-09-25 00:00:00
Henry,Wilson,54,vera@example.com,88195,2022-13-01
Maya,Rivera,44,david@example.com,37093,2020-04-07 00:00:00
Jack,Campbell,20,hannah@example.com,95492,2021-11-19 00:00:00
Mia,Brown,60,victor@example.com,117359,2022-09-22 00:00:00
Quincy,Adams,53,zoe@example.com,104177,2023-07-07 00:00:00
Felix,Adams,37,rachel@example.com,91810,2021-02-22 00:00:00
Nate,Harris,37,henry@example.com,79620,2023-12-27 00:00:00
Alice,Wilson,27,samuel@example.com,108775,2023-01-21 00:00:00
Tara,Rivera,34,kevin@example.com,94689,2023-05-20 00:00:00
Henry,Flores,58,ulysses@example.com,100370,2022-13-01
Paul,Rivera,39,yara@example.com,61589,2020-06-08 00:00:00
Victor,Flores,47,isaac@example.com,108462,2021-10-25 00:00:00
Vera,Martinez,46,owen@example.com,70530,2020-05-22 00:00:00
Daniel,Adams,42,julia@example.com,48681,2021-05-07 00:00:00
Uma,Garcia,59,paul@example.com,53984,2020-01-19 00:00:00
Tara,Jackson,29,xander@example.com,9999999,2021-09-27 00:00:00
Jack,Thompson,37,owen@example.com,66617,2021-12-26 00:00:00
Ulysses,Davis,29,ulysses@example.com,56168,2020-09-10 00:00:00
Vera,Harris,43,samuel@example.com,66256,2022-13-01
Paul,Baker,63,julia@example.com,68661,2020-12-24 00:00:00
Aaron,Robinson,63,xander@example.com,35507,2022-13-01
Xander,Martinez,57,zoe@example.com,103071,2022-06-29 00:00:00
Felix,Torres,33,mia@example.com,97985,2021-01-02 00:00:00
Noah,Scott,21,invalid_email,117293,2020-03-04 00:00:00
Xander,Harris,19,nate@example.com,113299,2023-05-15 00:00:00
Kevin,Clark,50,daniel@example.com,51757,2022-02-02 00:00:00
Xander,Flores,57,jack@example.com,64080,2021-05-08 00:00:00
Zoe,Robinson,47,walter@example.com,96565,2022-04-10 00:00:00
Jack,Baker,52,jack@example.com,33434,2021-02-08 00:00:00
Eve,Campbell,60,invalid_email,73155,2020-07-22 00:00:00
Frank,Anderson,30,bob@example.com,92981,2021-06-01 00:00:00
Quincy,White,56,victor@example.com,99234,2020-04-05 00:00:00
Ulysses,Thomas,31,david@example.com,117870,2022-09-24 00:00:00
Walter,Johnson,31,grace@example.com,54792,2022-13-01
Steve,Walker,59,grace@example.com,84061,2022-04-12 00:00:00
Felix,Young,53,julia@example.com,69070,2023-05-29 00:00:00
Quincy,King,48,invalid_email,36738,2022-12-10 00:00:00
Mia,Thomas,27,invalid_email,115830,2023-12-31 00:00:00
Kira,Wright,48,invalid_email,31918,2023-05-18 00:00:00
Tara,Wilson,47,samuel@example.com,61353,2021-08-10 00:00:00
David,Jones,30,wendy@example.com,90451,2021-07-09 00:00:00
Tina,Lewis,28,hannah@example.com,73354,2020-01-13 00:00:00
Hannah,Scott,51,frank@example.com,93005,2021-05-06 00:00:00
Zoe,Wilson,26,olivia@example.com,113072,2020-06-12 00:00:00
Henry,Garcia,63,wendy@example.com,66056,2021-07-22 00:00:00
Xena,Garcia,unknown,quinn@example.com,54500,2022-01-29 00:00:00
Bob,Hall,23,yara@example.com,48241,2022-03-02 00:00:00
Noah,Miller,23,zoe@example.com,35946,2020-11-26 00:00:00
Eve,Rivera,30,charlie@example.com,52346,2022-09-14 00:00:00
Olivia,Rodriguez,20,gina@example.com,102141,2020-01-10 00:00:00
Noah,Scott,64,invalid_email,111438,2023-04-29 00:00:00
Wendy,Adams,25,quincy@example.com,116023,2023-02-15 00:00:00
Bob,Wilson,45,tina@example.com,9999999,2022-06-20 00:00:00
Samuel,Martin,53,hannah@example.com,85997,2021-07-19 00:00:00
Aaron,Harris,59,kira@example.com,9999999,2020-09-11 00:00:00
Steve,Scott,18,yasmine@example.com,55296,2023-09-28 00:00:00
Alice,Lewis,48,olivia@example.com,59514,2022-13-01
Catherine,Anderson,41,walter@example.com,45063,2021-01-09 00:00:00
Daniel,Anderson,60,felix@example.com,68493,2022-10-17 00:00:00
Jack,Allen,41,mia@example.com,111432,2022-03-09 00:00:00
Aaron,Taylor,26,aaron@example.com,not_available,2022-06-05 00:00:00
Julia,King,63,maya@example.com,70374,2020-12-04 00:00:00
Aaron,Davis,22,grace@example.com,96473,2021-08-27 00:00:00
Yara,Miller,59,beatrice@example.com,42521,2022-05-14 00:00:00
Walter,Smith,61,piper@example.com,64739,2022-01-07 00:00:00
Paul,Williams,41,charlie@example.com,44700,2020-10-03 00:00:00
Rachel,Martin,58,david@example.com,117864,2021-09-08 00:00:00
Ivy,Nguyen,21,gina@example.com,82117,2022-06-11 00:00:00
Piper,Miller,59,hannah@example.com,113201,2023-10-24 00:00:00
Victor,Martin,20,julia@example.com,102931,2022-07-01 00:00:00
Piper,Baker,56,kevin@example.com,79245,2021-02-08 00:00:00
Wendy,Smith,NULL,catherine@example.com,51156,2022-09-03 00:00:00
Steve,Lewis,28,tara@example.com,63499,2020-05-14 00:00:00
Samuel,Williams,25,liam@example.com,113377,2022-07-15 00:00:00
Quinn,Davis,43,daniel@example.com,118282,2023-10-27 00:00:00
Olivia,Harris,19,xena@example.com,32495,2020-02-14 00:00:00
Wendy,Wilson,20,kira@example.com,38244,2021-09-14 00:00:00
Olivia,Adams,40,leo@example.com,37419,2022-05-04 00:00:00
Mia,Thomas,32,quinn@example.com,76340,2020-11-15 00:00:00
Felix,Thompson,47,tina@example.com,65182,2023-10-27 00:00:00
Kevin,Flores,20,invalid_email,68996,2023-06-13 00:00:00
Julia,Wilson,38,jack@example.com,103447,2020-05-05 00:00:00
Rachel,Brown,63,quincy@example.com,101176,2021-07-02 00:00:00
Zoe,Rodriguez,52,mia@example.com,99193,2023-09-15 00:00:00
Piper,Jones,21,daniel@example.com,83158,2020-08-07 00:00:00
Quinn,Lewis,63,grace@example.com,33180,2021-06-10 00:00:00
Yasmine,Smith,55,olivia@example.com,56133,2023-08-20 00:00:00
Gina,Wright,24,wendy@example.com,110874,2020-03-02 00:00:00
Ella,Adams,NULL,gina@example.com,116652,2023-05-08 00:00:00
Liam,Campbell,62,wendy@example.com,98960,2022-06-10 00:00:00
Xander,King,24,maya@example.com,49522,2020-07-26 00:00:00
Hannah,Nelson,54,jack@example.com,95682,2023-09-16 00:00:00
Rosa,Smith,43,isaac@example.com,76993,2020-08-03 00:00:00
Noah,Hall,43,gina@example.com,33391,2020-03-16 00:00:00
Leo,White,64,owen@example.com,46114,2020-04-08 00:00:00
Olivia,Johnson,19,owen@example.com,30391,2023-02-16 00:00:00
Ivy,Brown,22,invalid_email,39686,2023-08-11 00:00:00
Uma,Mitchell,58,bob@example.com,37583,2023-06-06 00:00:00
Olivia,Martinez,38,quincy@example.com,117081,2020-10-31 00:00:00
Vera,Rivera,61,alice@example.com,85429,2021-10-03 00:00:00
Tina,Smith,18,steve@example.com,52426,2020-04-15 00:00:00
Rosa,Green,50,frank@example.com,32566,2023-04-09 00:00:00
Piper,Adams,64,invalid_email,76828,2022-04-07 00:00:00
Victor,Hall,59,leo@example.com,67388,2020-08-04 00:00:00
Xena,Nguyen,unknown,xena@example.com,93468,2020-07-16 00:00:00
Piper,Walker,45,hannah@example.com,33997,2023-06-22 00:00:00
Piper,Martinez,22,piper@example.com,66872,2021-06-14 00:00:00
Wendy,Jackson,32,charlie@example.com,39612,2022-02-21 00:00:00
Jack,Young,26,invalid_email,84383,2022-13-01
Felix,King,39,mia@example.com,66262,2022-02-02 00:00:00
Samuel,Rivera,18,nate@example.com,65663,2022-01-22 00:00:00
Quincy,Walker,NULL,kevin@example.com,105030,2022-02-23 00:00:00
Hannah,Campbell,24,leo@example.com,81359,2023-07-25 00:00:00
Piper,Jones,36,wendy@example.com,38057,2020-07-09 00:00:00
Tina,Wright,56,noah@example.com,110992,2021-11-06 00:00:00
Steve,Hall,20,wendy@example.com,64161,2021-12-17 00:00:00
Walter,Jackson,44,uma@example.com,74834,2021-05-17 00:00:00
Rosa,Flores,64,owen@example.com,114992,2023-06-10 00:00:00
Yasmine,King,25,wendy@example.com,44055,2021-04-27 00:00:00
Kevin,Thompson,53,rosa@example.com,51510,2021-02-25 00:00:00
Piper,Walker,21,piper@example.com,not_available,2022-04-13 00:00:00
Henry,Adams,22,eve@example.com,51757,2020-09-08 00:00:00
Jack,Rodriguez,62,yasmine@example.com,108700,2022-04-27 00:00:00
Quincy,Hill,31,aaron@example.com,not_available,2020-06-22 00:00:00
Henry,Walker,43,xena@example.com,57990,2022-13-01
Quincy,Rodriguez,39,quinn@example.com,48111,2022-09-25 00:00:00
Kevin,Clark,22,leo@example.com,83453,2023-02-20 00:00:00
Aaron,Moore,55,kira@example.com,55853,2022-01-14 00:00:00
Liam,Hill,34,mia@example.com,89278,2021-11-24 00:00:00
Victor,Davis,53,henry@example.com,114473,2022-08-28 00:00:00
Bob,Jones,31,zoe@example.com,44117,2021-10-25 00:00:00
Quinn,Scott,45,wendy@example.com,105191,2022-05-07 00:00:00
Liam,Martinez,55,tina@example.com,111673,2023-04-14 00:00:00
Henry,Anderson,52,aaron@example.com,59069,2020-03-20 00:00:00
Olivia,Jackson,25,quinn@example.com,115045,2021-12-29 00:00:00
Hannah,Moore,43,catherine@example.com,91045,2022-05-17 00:00:00
Felix,Scott,63,walter@example.com,95639,2021-09-19 00:00:00
Eve,Campbell,47,steve@example.com,87931,2023-06-29 00:00:00
Piper,Green,44,walter@example.com,72116,2023-10-29 00:00:00
Victor,Flores,45,isaac@example.com,47492,2021-07-05 00:00:00
Bob,Davis,63,grace@example.com,69619,2021-11-17 00:00:00
Rachel,Rivera,57,piper@example.com,104863,2022-09-02 00:00:00
Jack,Wilson,53,noah@example.com,83368,2021-07-27 00:00:00
Uma,Walker,60,victor@example.com,59282,2022-03-29 00:00:00
Kevin,Martin,25,noah@example.com,108738,2022-01-18 00:00:00
Isaac,Torres,18,quinn@example.com,not_available,2020-02-21 00:00:00
Noah,King,50,quinn@example.com,9999999,2020-02-10 00:00:00
Paul,Martin,36,uma@example.com,71417,2022-04-10 00:00:00
Yara,Young,59,mia@example.com,69880,2022-10-30 00:00:00
Kira,Hill,57,charlie@example.com,61291,2023-11-10 00:00:00
Uma,Young,51,ulysses@example.com,90539,2020-03-23 00:00:00
Uma,Williams,45,maya@example.com,72645,2021-07-20 00:00:00
Frank,Flores,30,piper@example.com,NULL,2020-06-16 00:00:00
Nate,Brown,33,kevin@example.com,81372,2023-11-06 00:00:00
Vera,Adams,39,julia@example.com,51481,2022-11-03 00:00:00
Gina,Allen,55,noah@example.com,117161,2021-07-01 00:00:00
Tina,Adams,unknown,felix@example.com,65705,2022-12-12 00:00:00
Olivia,Thompson,21,victor@example.com,60907,2021-10-30 00:00:00
Felix,Robinson,19,jack@example.com,80677,2022-09-04 00:00:00
Hannah,Walker,56,olivia@example.com,not_available,2023-08-05 00:00:00
Rosa,Smith,57,hannah@example.com,89509,2022-04-14 00:00:00
David,Nelson,51,quincy@example.com,62159,2022-04-17 00:00:00
Gina,Smith,55,isaac@example.com,80789,2022-13-01
Isaac,Mitchell,59,tina@example.com,73130,2023-09-09 00:00:00
Rosa,Hill,46,mia@example.com,115591,2021-07-06 00:00:00
Leo,Torres,unknown,daniel@example.com,50234,2021-01-18 00:00:00
Quincy,Nelson,37,vera@example.com,38886,2022-04-25 00:00:00
Yasmine,Thomas,54,invalid_email,58123,2021-01-09 00:00:00
Owen,Lewis,57,julia@example.com,72823,2021-01-30 00:00:00
Steve,Moore,18,jack@example.com,99732,2020-11-02 00:00:00
Leo,Walker,50,xena@example.com,52279,2021-03-19 00:00:00
Xander,Wilson,NULL,noah@example.com,38322,2021-06-25 00:00:00
Ivy,Young,48,julia@example.com,109978,2022-11-27 00:00:00
Walter,Lewis,54,julia@example.com,79505,2022-01-27 00:00:00
Victor,Johnson,33,gina@example.com,90865,2022-13-01
Tara,Hall,60,bob@example.com,40638,2021-06-15 00:00:00
Vera,Adams,19,yara@example.com,52378,2022-01-23 00:00:00
Felix,Garcia,50,leo@example.com,40821,2023-06-26 00:00:00
Yasmine,White,59,isaac@example.com,59336,2022-13-01
Ella,Davis,39,nate@example.com,36451,2021-03-02 00:00:00
Aaron,Smith,23,wendy@example.com,99085,2022-13-01
Noah,Anderson,26,liam@example.com,67561,2021-12-28 00:00:00
Rosa,Hill,59,zoe@example.com,45478,2022-11-26 00:00:00
Beatrice,Nelson,33,steve@example.com,53334,2022-07-22 00:00:00
Xander,Garcia,59,quinn@example.com,71621,2020-11-04 00:00:00
Wendy,Williams,37,mia@example.com,not_available,2020-05-08 00:00:00
Rachel,Robinson,42,jack@example.com,9999999,2023-08-26 00:00:00
Owen,Harris,21,vera@example.com,73510,2022-07-17 00:00:00
Julia,Jackson,20,beatrice@example.com,108277,2020-10-05 00:00:00
Piper,Green,50,tara@example.com,not_available,2021-03-26 00:00:00
Ulysses,Smith,57,piper@example.com,105420,2022-12-23 00:00:00
Yara,Garcia,62,ella@example.com,117691,2023-05-19 00:00:00
Beatrice,Jackson,36,bob@example.com,111955,2020-09-03 00:00:00
Tara,Nelson,34,catherine@example.com,66563,2022-02-09 00:00:00
Xena,Moore,23,catherine@example.com,52135,2023-11-21 00:00:00
Bob,Clark,45,quinn@example.com,78832,2023-07-04 00:00:00
Uma,Lee,24,eve@example.com,45728,2022-02-25 00:00:00
Gina,Nguyen,39,frank@example.com,67239,2021-06-14 00:00:00
Victor,Young,24,eve@example.com,40215,2021-10-05 00:00:00
Yasmine,Thomas,61,noah@example.com,36697,2020-05-29 00:00:00
Alice,Moore,60,victor@example.com,46472,2022-12-10 00:00:00
Yasmine,Jackson,30,steve@example.com,81036,2022-03-03 00:00:00
Yara,Hill,21,uma@example.com,56272,2020-01-12 00:00:00
Mia,Jones,43,paul@example.com,36341,2022-09-19 00:00:00
Daniel,White,28,victor@example.com,72419,2023-07-23 00:00:00
Jack,Nelson,46,yara@example.com,111073,2022-04-23 00:00:00
Henry,Rodriguez,61,ella@example.com,88387,2021-04-23 00:00:00
Ivy,Allen,64,daniel@example.com,110762,2022-06-07 00:00:00
Wendy,Campbell,34,felix@example.com,46408,2022-07-15 00:00:00
Kevin,Hill,44,frank@example.com,104459,2022-07-16 00:00:00
Quincy,Torres,40,eve@example.com,104782,2023-01-30 00:00:00
Zoe,Walker,21,yasmine@example.com,47823,2021-12-16 00:00:00
Aaron,Hall,unknown,alice@example.com,50155,2020-08-05 00:00:00
Quinn,Torres,41,paul@example.com,31989,2023-02-11 00:00:00
Gina,Rodriguez,27,ivy@example.com,47028,2023-01-08 00:00:00
Rachel,Walker,55,wendy@example.com,83686,2023-12-08 00:00:00
Gina,Young,37,leo@example.com,70371,2022-08-28 00:00:00
Quinn,Campbell,23,walter@example.com,118443,2022-04-24 00:00:00
Walter,Campbell,24,zoe@example.com,66860,2023-06-06 00:00:00
Piper,Lewis,52,tara@example.com,82028,2020-11-18 00:00:00
Xena,Thomas,54,leo@example.com,57562,2023-07-12 00:00:00
Ivy,Walker,59,frank@example.com,51810,2020-02-18 00:00:00
Bob,Flores,34,grace@example.com,9999999,2022-11-07 00:00:00
Hannah,Anderson,49,rachel@example.com,79560,2022-05-22 00:00:00
Aaron,Harris,25,olivia@example.com,98410,2022-10-29 00:00:00
Mia,Hall,54,liam@example.com,73444,2022-04-26 00:00:00
Tara,Hill,37,leo@example.com,117875,2021-07-20 00:00:00
Charlie,Smith,30,tina@example.com,91707,2021-09-09 00:00:00
Henry,Johnson,38,uma@example.com,36070,2026-05-12 00:00:00
Maya,Hill,53,owen@example.com,114530,2022-13-01
Alice,Anderson,34,david@example.com,107456,2021-12-20 00:00:00
Ulysses,Taylor,27,quincy@example.com,68164,2020-12-17 00:00:00
Vera,Allen,unknown,catherine@example.com,94263,2023-01-23 00:00:00
Mia,Robinson,56,beatrice@example.com,64078,2023-11-24 00:00:00
Zoe,King,55,zoe@example.com,66918,2023-06-07 00:00:00
Vera,Jackson,21,invalid_email,102614,2023-02-08 00:00:00
Isaac,Nelson,21,beatrice@example.com,108469,2020-09-30 00:00:00
Kevin,Flores,49,xena@example.com,32404,2023-03-17 00:00:00
David,Garcia,19,invalid_email,119181,2023-12-17 00:00:00
Kevin,Rodriguez,42,noah@example.com,62147,2020-09-01 00:00:00
Kevin,Brown,42,maya@example.com,84198,2023-07-30 00:00:00
Felix,Wilson,49,henry@example.com,53093,2020-06-25 00:00:00
Maya,Williams,63,kira@example.com,33207,2023-03-29 00:00:00
Daniel,White,21,liam@example.com,82322,2020-10-09 00:00:00
Jack,Johnson,63,jack@example.com,59190,2022-13-01
Isaac,Thomas,38,leo@example.com,85874,2020-07-11 00:00:00
Piper,Taylor,26,felix@example.com,103494,2022-10-20 00:00:00
Uma,Rivera,unknown,wendy@example.com,99822,2022-13-01
Kira,Clark,36,aaron@example.com,68265,2023-07-15 00:00:00
Mia,Baker,31,quinn@example.com,43699,2021-05-13 00:00:00
Catherine,Moore,29,yasmine@example.com,68385,2023-03-25 00:00:00
Noah,Hill,57,uma@example.com,47184,2021-01-29 00:00:00
Leo,Jones,55,samuel@example.com,104305,2022-06-02 00:00:00
Olivia,Anderson,37,rachel@example.com,95423,1920-01-22 00:00:00
Charlie,Martinez,58,daniel@example.com,70034,2020-04-24 00:00:00
Owen,Young,26,nate@example.com,74014,2020-08-16 00:00:00
Nate,Baker,39,beatrice@example.com,98901,2020-01-20 00:00:00
David,Rodriguez,63,leo@example.com,63181,2022-04-06 00:00:00
Quinn,Anderson,44,invalid_email,32383,2021-04-17 00:00:00
Owen,Flores,19,gina@example.com,85760,2022-01-30 00:00:00
Uma,Martinez,37,gina@example.com,67059,2023-01-15 00:00:00
Owen,Johnson,60,catherine@example.com,106991,2023-04-21 00:00:00
Rosa,Hill,19,invalid_email,64427,2021-08-30 00:00:00
Eve,Wilson,unknown,ulysses@example.com,42614,2021-06-10 00:00:00
Victor,Harris,29,invalid_email,49867,2022-03-12 00:00:00
Maya,Adams,38,zoe@example.com,84079,2021-12-13 00:00:00
Rosa,Garcia,32,steve@example.com,99007,2023-03-10 00:00:00
Owen,Flores,33,vera@example.com,not_available,2021-01-11 00:00:00
Wendy,Martinez,30,catherine@example.com,40780,2020-09-15 00:00:00
Xander,Wright,24,samuel@example.com,117492,2022-03-08 00:00:00
Samuel,Torres,19,liam@example.com,40039,2023-01-30 00:00:00
Quinn,Johnson,63,kevin@example.com,not_available,2023-03-24 00:00:00
Rosa,Robinson,55,olivia@example.com,66622,2022-10-30 00:00:00
Olivia,Moore,43,vera@example.com,47167,2021-06-28 00:00:00
Steve,Robinson,34,julia@example.com,100953,2020-09-16 00:00:00
Ella,Davis,63,alice@example.com,78020,2023-11-09 00:00:00
Ivy,Brown,52,maya@example.com,59693,2020-05-03 00:00:00
Grace,Smith,18,alice@example.com,73693,2021-05-17 00:00:00
Henry,Allen,26,kevin@example.com,83902,2021-02-17 00:00:00
Quinn,Harris,18,samuel@example.com,90017,2021-11-29 00:00:00
Jack,Miller,32,bob@example.com,59811,2020-08-26 00:00:00
Noah,Jackson,unknown,ella@example.com,94958,2021-12-30 00:00:00
Grace,Taylor,36,olivia@example.com,98429,2022-10-14 00:00:00
Owen,Jones,46,rachel@example.com,94577,2023-12-21 00:00:00
Rachel,Torres,38,uma@example.com,102367,2023-04-08 00:00:00
Rosa,Baker,36,xander@example.com,96285,2020-05-12 00:00:00
Tara,Lewis,35,victor@example.com,63886,2021-07-14 00:00:00
Walter,Mitchell,50,yasmine@example.com,9999999,2020-02-10 00:00:00
Yasmine,Taylor,20,ivy@example.com,51756,2020-03-21 00:00:00
Julia,Davis,37,steve@example.com,64092,2023-11-27 00:00:00
Paul,Lee,61,piper@example.com,97484,2020-02-02 00:00:00
Ella,Nguyen,62,grace@example.com,NULL,2023-09-30 00:00:00
Quinn,Lee,64,gina@example.com,69751,2022-09-30 00:00:00
Liam,Clark,42,david@example.com,32684,2021-04-22 00:00:00
Quincy,Hall,60,gina@example.com,46664,2022-01-28 00:00:00
Ulysses,Rivera,47,henry@example.com,-82085,2020-11-24 00:00:00
Owen,Adams,18,gina@example.com,30682,2023-03-12 00:00:00
Julia,Mitchell,NULL,piper@example.com,73285,2021-07-07 00:00:00
Yasmine,Mitchell,47,yara@example.com,79614,2021-05-03 00:00:00
Charlie,Williams,19,frank@example.com,60677,2021-07-17 00:00:00
Ulysses,Baker,25,alice@example.com,35586,2023-04-23 00:00:00
Samuel,Wilson,34,xander@example.com,44615,2022-03-05 00:00:00
Xander,Wright,31,catherine@example.com,113850,2023-03-06 00:00:00
Xena,Brown,56,bob@example.com,80857,2023-04-16 00:00:00
Olivia,Scott,24,vera@example.com,112682,2021-01-09 00:00:00
Jack,Williams,25,frank@example.com,36519,2022-02-11 00:00:00
Noah,White,28,tina@example.com,99516,2021-04-08 00:00:00
Kira,White,50,olivia@example.com,77569,2020-07-11 00:00:00
Noah,Lewis,36,bob@example.com,66359,2020-03-28 00:00:00
Kira,Williams,48,tina@example.com,57204,2021-08-25 00:00:00
Henry,White,39,catherine@example.com,59509,2022-13-01
Owen,Jones,61,paul@example.com,96985,2023-07-06 00:00:00
Aaron,Walker,48,tina@example.com,115676,2022-05-20 00:00:00
Kira,Williams,44,jack@example.com,99095,2020-11-05 00:00:00
Daniel,Robinson,64,wendy@example.com,79090,2020-06-05 00:00:00
Henry,Moore,44,catherine@example.com,32990,2023-09-22 00:00:00
Catherine,Moore,25,yasmine@example.com,116089,2023-02-05 00:00:00
Kira,Nelson,38,eve@example.com,69168,2022-10-12 00:00:00
Daniel,Rivera,43,uma@example.com,77477,2020-06-22 00:00:00
Aaron,Green,51,xena@example.com,60683,2020-09-11 00:00:00
Tina,Martin,55,vera@example.com,103452,2023-03-19 00:00:00
Daniel,Campbell,48,owen@example.com,37956,2020-04-09 00:00:00
David,Miller,57,frank@example.com,117280,2022-06-01 00:00:00
Wendy,Walker,64,yasmine@example.com,88710,2021-07-04 00:00:00
Kira,Harris,23,charlie@example.com,9999999,2020-02-28 00:00:00
Paul,Hall,61,liam@example.com,94634,2020-04-30 00:00:00
Walter,Anderson,50,rosa@example.com,75468,2021-02-27 00:00:00
Maya,Wilson,33,charlie@example.com,43641,2022-13-01
Gina,Garcia,31,yara@example.com,91272,2020-05-23 00:00:00
Daniel,Robinson,32,felix@example.com,119135,2023-06-18 00:00:00
Jack,Baker,25,tina@example.com,81599,2020-08-18 00:00:00
Ulysses,Moore,32,invalid_email,9999999,2023-11-13 00:00:00
Catherine,Garcia,42,david@example.com,94434,2022-13-01
Xena,Johnson,37,zoe@example.com,71158,2021-12-26 00:00:00
Kevin,Allen,31,victor@example.com,70973,2020-04-25 00:00:00
Paul,Hall,43,mia@example.com,65318,2023-03-16 00:00:00
Ivy,Martin,35,gina@example.com,41807,2023-06-13 00:00:00
Kira,Clark,24,victor@example.com,81139,2023-06-08 00:00:00
Xena,Robinson,47,wendy@example.com,119755,2022-02-10 00:00:00
Quincy,Thompson,39,leo@example.com,59187,2021-02-18 00:00:00
Kevin,Wright,43,beatrice@example.com,38948,2020-01-18 00:00:00
Felix,Mitchell,38,beatrice@example.com,93973,2022-13-01
Catherine,Lewis,62,paul@example.com,80547,2020-07-24 00:00:00
Tina,Harris,45,julia@example.com,107115,2021-06-20 00:00:00
Leo,Lee,60,tina@example.com,78131,2023-05-21 00:00:00
Quinn,Allen,24,invalid_email,49154,2021-11-23 00:00:00
Felix,Davis,44,rosa@example.com,48990,2021-06-26 00:00:00
Charlie,Jackson,56,rachel@example.com,80375,2022-04-24 00:00:00
Paul,Nguyen,43,invalid_email,69266,2021-08-29 00:00:00
Quincy,Hill,49,bob@example.com,91064,2022-09-02 00:00:00
Piper,Williams,41,bob@example.com,48741,2023-10-14 00:00:00
Gina,Hill,64,ulysses@example.com,44529,2022-02-05 00:00:00
David,Anderson,43,tara@example.com,40391,2023-10-12 00:00:00
Alice,Allen,unknown,yara@example.com,38064,2022-03-01 00:00:00
Jack,Thomas,47,quincy@example.com,9999999,2020-07-26 00:00:00
Nate,Jones,55,invalid_email,79558,2020-02-27 00:00:00
Paul,Thompson,23,piper@example.com,106157,2020-06-21 00:00:00
Isaac,Johnson,35,grace@example.com,98222,2022-11-12 00:00:00
Yasmine,Rodriguez,52,zoe@example.com,51622,2021-06-10 00:00:00
Samuel,Moore,55,noah@example.com,102544,2020-06-17 00:00:00
Rachel,Baker,34,eve@example.com,111749,2023-04-25 00:00:00
Yasmine,Scott,60,paul@example.com,55262,2020-08-20 00:00:00
Hannah,Hall,61,xander@example.com,119133,2022-11-09 00:00:00
Julia,Martinez,49,noah@example.com,54940,2023-02-15 00:00:00
Leo,Scott,62,alice@example.com,62919,2021-01-20 00:00:00
Rachel,Moore,45,tara@example.com,85475,2022-01-26 00:00:00
Catherine,Taylor,NULL,catherine@example.com,34119,2021-06-16 00:00:00
Quinn,Scott,31,NULL,117922,2020-07-30 00:00:00
Samuel,Davis,35,maya@example.com,85874,2023-02-01 00:00:00
Felix,Campbell,27,victor@example.com,34237,2022-03-31 00:00:00
Catherine,King,62,alice@example.com,31827,2022-04-12 00:00:00
Samuel,Baker,53,noah@example.com,93419,2020-02-28 00:00:00
Ivy,Clark,40,samuel@example.com,90814,2023-07-20 00:00:00
Catherine,Nguyen,44,steve@example.com,115772,2023-10-25 00:00:00
Charlie,Jackson,61,yara@example.com,51293,2022-05-11 00:00:00
Uma,Davis,46,vera@example.com,84352,2021-02-04 00:00:00
Samuel,Hall,47,gina@example.com,102239,2022-01-28 00:00:00
Henry,Thompson,37,leo@example.com,46584,2021-08-23 00:00:00
Leo,Campbell,22,bob@example.com,59621,2023-02-27 00:00:00
Maya,Jackson,22,steve@example.com,113012,2023-01-22 00:00:00
Steve,Flores,unknown,grace@example.com,95147,2020-03-16 00:00:00
Zoe,Johnson,23,rosa@example.com,116950,2020-01-18 00:00:00
Leo,Robinson,35,samuel@example.com,32318,2023-01-25 00:00:00
Rosa,Hill,45,uma@example.com,92692,2021-12-11 00:00:00
Olivia,Davis,37,daniel@example.com,97962,2021-12-30 00:00:00
Aaron,Taylor,18,ella@example.com,43985,2021-05-21 00:00:00
Quinn,Garcia,23,julia@example.com,51023,2021-05-16 00:00:00
Kira,Young,28,xena@example.com,95973,2020-10-07 00:00:00
Bob,Anderson,53,piper@example.com,81907,2023-01-05 00:00:00
Gina,Jones,62,invalid_email,30000,2023-09-13 00:00:00
Kevin,Hill,55,invalid_email,38752,2023-04-28 00:00:00
Quincy,Hill,22,olivia@example.com,54639,2021-07-02 00:00:00
Olivia,Allen,27,uma@example.com,91544,2021-06-13 00:00:00
Julia,Nguyen,31,mia@example.com,54411,2022-04-17 00:00:00
Kevin,Green,39,piper@example.com,92210,2021-11-09 00:00:00
Alice,Jackson,45,julia@example.com,95072,2021-04-19 00:00:00
Bob,Martin,52,paul@example.com,102572,2022-07-28 00:00:00
Noah,Smith,57,ivy@example.com,40868,2021-03-01 00:00:00
Yasmine,Martin,51,hannah@example.com,72246,2020-10-17 00:00:00
Nate,Rodriguez,63,yasmine@example.com,114023,2022-10-13 00:00:00
Mia,Baker,unknown,grace@example.com,54222,2023-12-03 00:00:00
Rosa,Allen,52,quinn@example.com,89214,2020-09-02 00:00:00
Quinn,Hall,62,nate@example.com,33813,2020-04-06 00:00:00
Tara,Anderson,22,jack@example.com,53633,2023-12-25 00:00:00
Daniel,Harris,25,grace@example.com,51498,2023-08-02 00:00:00
Beatrice,Taylor,18,noah@example.com,102724,2022-01-08 00:00:00
Xander,Johnson,58,daniel@example.com,43714,2022-05-29 00:00:00
Henry,Lewis,45,ulysses@example.com,109043,2020-08-22 00:00:00
Catherine,Nelson,56,zoe@example.com,30454,2023-10-19 00:00:00
Hannah,Rivera,62,bob@example.com,39763,2022-10-22 00:00:00
Rosa,Scott,52,xander@example.com,57208,2023-07-26 00:00:00
Kira,Baker,62,leo@example.com,30110,2023-02-23 00:00:00
Grace,Clark,36,invalid_email,43412,2023-01-10 00:00:00
Zoe,Hall,31,charlie@example.com,85553,2022-08-26 00:00:00
Xena,Rivera,27,zoe@example.com,43929,2020-03-09 00:00:00
Victor,Rivera,54,catherine@example.com,107694,2020-03-11 00:00:00
Mia,Nelson,unknown,invalid_email,100643,2022-05-30 00:00:00
Beatrice,Martin,44,isaac@example.com,101331,2020-01-21 00:00:00
Kira,King,24,ivy@example.com,100294,2023-10-17 00:00:00
Xena,Moore,44,alice@example.com,109573,2022-13-01
Felix,Thomas,45,walter@example.com,47540,2022-05-24 00:00:00
Alice,Lee,19,kira@example.com,47944,2023-01-08 00:00:00
Ivy,Rodriguez,59,beatrice@example.com,114754,2022-03-14 00:00:00
Victor,Rivera,58,invalid_email,107524,2020-06-27 00:00:00
Kira,Moore,27,noah@example.com,37056,2023-09-04 00:00:00
Leo,Smith,54,tina@example.com,107805,2022-03-14 00:00:00
Catherine,Hill,28,xander@example.com,63204,2022-02-18 00:00:00
Isaac,Campbell,55,liam@example.com,NULL,2020-05-11 00:00:00
Grace,Smith,24,rachel@example.com,45565,2020-06-07 00:00:00
Wendy,Thomas,61,noah@example.com,59368,2023-05-22 00:00:00
Piper,King,64,rachel@example.com,37960,2020-07-05 00:00:00
Quinn,Harris,40,xander@example.com,69843,2020-06-09 00:00:00
Olivia,Anderson,31,ella@example.com,48866,2023-07-20 00:00:00
Piper,Jackson,40,xander@example.com,77025,2020-05-18 00:00:00
Mia,Walker,20,felix@example.com,not_available,2020-11-07 00:00:00
Owen,Anderson,63,leo@example.com,44911,2020-05-30 00:00:00
Daniel,Scott,62,bob@example.com,58997,2020-07-26 00:00:00
Gina,Lee,34,ella@example.com,30456,2020-12-23 00:00:00
Zoe,Green,23,steve@example.com,103553,2023-06-18 00:00:00
Aaron,Wilson,51,noah@example.com,48294,2022-13-01
Samuel,Walker,53,yasmine@example.com,not_available,2021-08-31 00:00:00
Uma,Jones,41,quincy@example.com,9999999,2021-10-14 00:00:00
Ella,Martin,34,alice@example.com,98782,2020-05-17 00:00:00
Kevin,Rodriguez,20,steve@example.com,57125,2020-03-12 00:00:00
Uma,Torres,30,invalid_email,119020,2023-06-25 00:00:00
Alice,Allen,25,kira@example.com,57692,2021-04-17 00:00:00
Ulysses,Thompson,39,beatrice@example.com,43692,2021-12-24 00:00:00
Mia,White,34,walter@example.com,51922,2022-02-25 00:00:00
Paul,Nelson,60,aaron@example.com,113392,2023-07-03 00:00:00
Aaron,Harris,27,rachel@example.com,115356,2022-10-17 00:00:00
Ella,Allen,NULL,eve@example.com,70940,2023-09-21 00:00:00
Hannah,Lee,-10,felix@example.com,100212,2022-10-03 00:00:00
Rosa,Lee,24,quinn@example.com,94985,2023-05-24 00:00:00
Daniel,Campbell,58,frank@example.com,98417,2020-12-06 00:00:00
Isaac,Garcia,44,quinn@example.com,36849,2020-01-11 00:00:00
Rachel,Lee,36,piper@example.com,84775,2020-11-02 00:00:00
Wendy,Rodriguez,20,eve@example.com,115864,2022-07-12 00:00:00
Rachel,Thompson,47,owen@example.com,82940,2023-01-16 00:00:00
Maya,Jones,25,charlie@example.com,52812,2021-05-11 00:00:00
Quincy,Moore,NULL,eve@example.com,78864,2022-08-05 00:00:00
Leo,Smith,26,zoe@example.com,107163,2022-13-01
Quincy,Allen,26,yasmine@example.com,111345,2020-12-14 00:00:00
Tina,Rodriguez,25,eve@example.com,113061,2021-07-02 00:00:00
Daniel,Torres,18,mia@example.com,71535,2022-10-28 00:00:00
Rachel,Smith,59,grace@example.com,73305,2022-02-26 00:00:00
Piper,White,30,grace@example.com,83207,2021-03-06 00:00:00
Ulysses,Torres,55,uma@example.com,51107,2022-13-01
Leo,Brown,40,liam@example.com,42789,2021-11-22 00:00:00
Beatrice,Clark,unknown,alice@example.com,55958,2021-11-30 00:00:00
Vera,Hall,unknown,tara@example.com,68515,2023-02-28 00:00:00
Steve,Lee,30,invalid_email,not_available,2023-07-11 00:00:00
Ulysses,Lewis,58,eve@example.com,34195,2021-01-01 00:00:00
Yara,King,49,gina@example.com,50519,2021-08-26 00:00:00
Kira,Robinson,64,daniel@example.com,69666,2022-05-05 00:00:00
Nate,Davis,18,rosa@example.com,116203,2021-05-19 00:00:00
Jack,Green,51,quinn@example.com,108150,2023-12-16 00:00:00
Liam,Harris,61,charlie@example,67156,2023-11-20 00:00:00
Frank,Walker,26,liam@example.com,9999999,2021-11-12 00:00:00
Owen,Lee,64,gina@example.com,68302,2020-08-17 00:00:00
Beatrice,Davis,24,aaron@example.com,94323,2022-08-30 00:00:00
Beatrice,Clark,37,gina@example.com,97085,2022-09-13 00:00:00
Walter,Clark,62,maya@example.com,69150,2022-06-07 00:00:00
Quincy,Hall,38,samuel@example.com,110083,2023-10-05 00:00:00
Quincy,Walker,29,noah@example.com,69893,2022-03-15 00:00:00
Piper,Rodriguez,56,jack@example.com,93010,2021-07-13 00:00:00
Liam,Baker,38,ulysses@example.com,62797,2023-04-16 00:00:00
Tina,Martin,49,gina@example.com,77632,2022-13-01
Eve,Moore,24,wendy@example.com,96728,2020-10-20 00:00:00
Piper,Allen,32,olivia@example.com,113062,2023-06-15 00:00:00
Steve,Anderson,47,leo@example.com,40010,2023-05-24 00:00:00
Gina,King,25,victor@example.com,111120,2021-01-14 00:00:00
Rosa,Hall,39,yasmine@example.com,31653,2020-01-08 00:00:00
Rosa,Jackson,25,charlie@example.com,57297,2022-01-05 00:00:00
Victor,Martin,56,ulysses@example.com,95656,2020-06-16 00:00:00
Rachel,Thomas,50,rosa@example.com,118350,2020-07-22 00:00:00
Xander,Adams,35,liam@example.com,36061,2021-08-05 00:00:00
Piper,Hill,52,owen@example.com,61922,2022-09-24 00:00:00
Vera,Baker,53,catherine@example.com,83384,2021-05-23 00:00:00
Quinn,Flores,62,invalid_email,67275,2022-06-03 00:00:00
Nate,Hill,28,charlie@example.com,52040,2020-03-21 00:00:00
Piper,Hall,38,uma@example.com,110089,2022-05-19 00:00:00
Quinn,Clark,40,felix@example.com,51119,2022-13-01
Xena,Hall,48,paul@example.com,51361,2022-08-15 00:00:00
Henry,Green,51,ulysses@example.com,35384,2020-11-26 00:00:00
Beatrice,Nguyen,37,rachel@example.com,48677,2022-13-01
Piper,Rodriguez,30,henry@example.com,57976,2020-12-05 00:00:00
Paul,Allen,43,walter@example.com,31528,2022-10-16 00:00:00
Wendy,Walker,unknown,quincy@example.com,97749,2023-03-15 00:00:00
Eve,Nguyen,59,frank@example.com,119065,2022-13-01
Charlie,Wilson,59,nate@example.com,80701,2021-06-10 00:00:00
Felix,Williams,22,owen@example.com,96520,2022-12-25 00:00:00
Tara,Anderson,36,catherine@example.com,31121,2020-04-14 00:00:00
Felix,Brown,20,nate@example.com,65663,2020-07-20 00:00:00
Paul,Martin,54,alice@example.com,111398,2021-06-11 00:00:00
Liam,Thompson,45,david@example.com,62022,2022-09-15 00:00:00
Charlie,Wilson,44,noah@example.com,88912,2023-06-26 00:00:00
Henry,Jones,45,yasmine@example.com,100667,2020-04-13 00:00:00
Frank,Thompson,24,rosa@example.com,62203,2022-02-19 00:00:00
Owen,Garcia,42,xena@example.com,65301,2023-10-09 00:00:00
Kevin,Nguyen,34,grace@example.com,NULL,2023-09-21 00:00:00
Piper,Moore,19,vera@example.com,53709,2023-02-27 00:00:00
Grace,Green,36,rosa@example.com,65592,2021-02-19 00:00:00
Xena,Young,41,ivy@example.com,87148,2022-06-23 00:00:00
Xander,Davis,43,catherine@example.com,101415,2020-01-11 00:00:00
Vera,Moore,36,ella@example.com,48503,2020-12-30 00:00:00
Victor,Torres,32,tina@example.com,118230,2022-11-18 00:00:00
Victor,Robinson,37,xena@example.com,114092,2023-04-28 00:00:00
Aaron,Young,56,hannah@example.com,96542,2022-11-01 00:00:00
Ella,Martinez,36,charlie@example.com,49652,2020-09-03 00:00:00
Yara,Flores,63,david@example.com,104470,2021-07-15 00:00:00
Charlie,Thomas,46,eve@example.com,98665,2022-09-03 00:00:00
Gina,Green,NULL,jack@example.com,78124,2022-10-29 00:00:00
Zoe,Flores,45,yasmine@example.com,111313,2021-12-20 00:00:00
Mia,Mitchell,46,henry@example.com,32456,2020-09-24 00:00:00
Liam,Davis,47,walter@example.com,43021,2021-10-11 00:00:00
David,Martinez,26,yasmine@example.com,54732,2023-02-24 00:00:00
Uma,Young,38,ulysses@example.com,103798,2022-06-02 00:00:00
Jack,Robinson,55,olivia@example.com,100680,2020-03-14 00:00:00
Alice,Wright,36,yara@example.com,110893,2023-01-24 00:00:00
Yasmine,Miller,59,samuel@example.com,9999999,2022-13-01
Paul,Hall,59,invalid_email,75587,2021-03-15 00:00:00
Tara,Allen,34,invalid_email,57758,2020-10-27 00:00:00
Charlie,Nguyen,56,maya@example.com,38232,2020-12-12 00:00:00
Alice,Taylor,55,owen@example.com,69736,2020-07-09 00:00:00
Hannah,Nguyen,51,catherine@example.com,45775,2020-06-25 00:00:00
Ivy,Walker,54,rosa@example.com,59593,2021-07-08 00:00:00
Leo,Miller,54,liam@example.com,70768,2021-07-08 00:00:00
Maya,Hall,999,isaac@example.com,77908,2023-08-24 00:00:00
Aaron,Hill,18,hannah@example.com,NULL,2021-03-24 00:00:00
Jack,Mitchell,22,jack@example.com,118905,2022-06-30 00:00:00
Gina,Johnson,45,zoe@example.com,113158,2020-05-14 00:00:00
Daniel,Scott,32,paul@example.com,57722,2021-11-11 00:00:00
Kira,Rivera,32,piper@example.com,65742,2021-03-01 00:00:00
Alice,Williams,36,rachel@example.com,66159,2021-02-06 00:00:00
Tara,Harris,43,mia@example.com,32437,2021-11-21 00:00:00
Ulysses,White,63,hannah@example.com,82377,2023-06-18 00:00:00
Ella,Walker,19,felix@example.com,84327,2020-01-24 00:00:00
Henry,Robinson,37,noah@example.com,50127,2022-10-11 00:00:00
Liam,Garcia,56,xander@example.com,74947,2021-05-04 00:00:00
David,Williams,62,eve@example.com,108379,2021-09-02 00:00:00
Hannah,Taylor,63,piper@example.com,114944,2023-12-28 00:00:00
Paul,Thompson,42,felix@example.com,115769,2020-01-17 00:00:00
Wendy,Rivera,30,jack@example.com,41490,2022-06-18 00:00:00
Charlie,Harris,42,felix@example.com,75628,2022-07-11 00:00:00
Bob,Campbell,42,rosa@example.com,110348,2022-01-29 00:00:00
Jack,Taylor,57,vera@example.com,42064,2023-01-10 00:00:00
Mia,Walker,30,invalid_email,54260,2022-04-16 00:00:00
Leo,Harris,33,quincy@example.com,43116,2023-02-25 00:00:00
David,Mitchell,23,kevin,112600,2023-08-05 00:00:00
Victor,Lewis,64,bob@example.com,41228,2020-03-19 00:00:00
Beatrice,Lewis,31,quincy@example.com,68431,2022-13-01
Leo,Baker,46,tina@example.com,60994,2020-05-22 00:00:00
Paul,Miller,54,daniel@example.com,107018,2020-05-30 00:00:00
Julia,Wright,42,tina@example.com,58384,2020-10-20 00:00:00
Piper,Moore,57,alice@example.com,81749,2023-05-25 00:00:00
Quincy,King,55,bob@example.com,67687,2020-03-07 00:00:00
Alice,Thomas,33,noah@example.com,81819,2022-05-21 00:00:00
Steve,Wright,57,quincy@example.com,79783,2023-01-17 00:00:00
Daniel,Brown,20,invalid_email,70069,2020-02-06 00:00:00
Ulysses,Harris,NULL,grace@example.com,75776,2021-09-15 00:00:00
Frank,Nguyen,41,ella@example.com,116226,2022-03-06 00:00:00
Uma,Green,44,daniel@example.com,70283,2020-02-18 00:00:00
Piper,Rivera,41,ella@example.com,55110,2020-06-16 00:00:00
Catherine,Wright,27,uma@example.com,30680,2022-13-01
David,Adams,60,paul@example.com,110264,2020-05-21 00:00:00
Rosa,Mitchell,21,nate@example.com,90608,2021-04-27 00:00:00
Eve,Anderson,33,yara@example.com,51101,2023-10-19 00:00:00
Walter,Thomas,61,felix@example.com,107709,2020-11-24 00:00:00
Daniel,Smith,22,invalid_email,106997,2022-13-01
Victor,Allen,49,julia@example.com,32821,2023-12-25 00:00:00
11,Martin,18,bob@example.com,118873,2021-02-06 00:00:00
Alice,Scott,52,mia@example.com,94202,2023-01-02 00:00:00
Jack,Nguyen,53,kevin@example.com,88419,2022-13-01
Felix,Martinez,21,vera@example.com,119597,2023-05-30 00:00:00
Felix,Harris,18,olivia@example.com,81947,2022-13-01
Aaron,Martinez,30,victor@example.com,89104,2021-11-16 00:00:00
Isaac,Lewis,19,gina@example.com,31643,2023-02-01 00:00:00
Victor,Williams,61,rachel@example.com,117349,2022-07-15 00:00:00
Noah,Mitchell,42,aaron@example.com,69049,2022-07-09 00:00:00
Piper,Adams,34,walter@example.com,63518,2022-13-01
Xander,Davis,45,zoe@example.com,39671,2021-08-16 00:00:00
Xena,Rivera,39,charlie@example.com,87941,2022-09-24 00:00:00
Liam,Flores,26,eve@example.com,103811,2022-08-02 00:00:00
Julia,Jones,24,vera@example.com,71449,2022-13-01
Frank,Martinez,34,samuel@example.com,87931,2021-10-26 00:00:00
Xena,White,46,liam@example.com,98000,2020-05-13 00:00:00
Felix,Garcia,NULL,aaron@example.com,109318,2022-08-14 00:00:00
Victor,Moore,54,walter@example.com,113127,2020-02-05 00:00:00
Quincy,Taylor,34,paul@example.com,54615,2021-01-24 00:00:00
Hannah,Davis,26,noah@example.com,61370,2021-03-07 00:00:00
Ella,Thomas,62,yasmine@example.com,39108,2022-13-01
Rachel,Jackson,38,wendy@example.com,101358,2020-05-05 00:00:00
Owen,Harris,56,olivia@example.com,39491,2021-01-23 00:00:00
Daniel,Wilson,22,aaron@example.com,39560,2022-13-01
Olivia,Baker,36,nate@example.com,64450,2023-02-17 00:00:00
Yara,Flores,48,daniel@example.com,106035,2022-01-23 00:00:00
Alice,Hall,61,olivia@example.com,118082,2021-05-04 00:00:00
Yasmine,Wright,62,victor@example.com,117133,2021-08-05 00:00:00
Tara,Rivera,19,aaron@example.com,59827,2022-01-02 00:00:00
Rosa,Davis,62,victor@example.com,9999999,2021-01-06 00:00:00
Quincy,Harris,32,tina@example.com,49551,2021-12-23 00:00:00
Mia,Robinson,45,ivy@example.com,115956,2023-04-29 00:00:00
David,Martinez,NULL,tara@example.com,93870,2020-04-05 00:00:00
Nate,Brown,NULL,quincy@example.com,70357,2022-06-30 00:00:00
Zoe,Baker,23,xander@example.com,109204,2022-02-17 00:00:00
Victor,Lewis,24,tara@example.com,96884,2022-12-16 00:00:00
Bob,Scott,43,felix@example.com,46385,2021-12-21 00:00:00
Mia,Campbell,32,julia@example.com,117629,2021-06-09 00:00:00
Kira,Harris,unknown,ella@example.com,48641,2022-12-02 00:00:00
Nate,Jackson,40,owen@example.com,113613,2022-10-08 00:00:00
Leo,Torres,unknown,quinn@example.com,107256,2020-04-07 00:00:00
Catherine,Torres,24,bob@example.com,not_available,2023-03-30 00:00:00
Rosa,Flores,47,ulysses@example.com,82009,2020-03-24 00:00:00
Walter,Thompson,28,alice@example.com,66329,2023-06-29 00:00:00
Ulysses,White,48,leo@example.com,102708,2023-11-15 00:00:00
Wendy,Brown,43,noah@example.com,99234,2023-09-05 00:00:00
Beatrice,Mitchell,NULL,kira@example.com,77379,2022-05-02 00:00:00
Yara,Smith,49,beatrice@example.com,80536,2022-02-09 00:00:00
Paul,King,51,mia@example.com,62267,2020-08-17 00:00:00
Ulysses,Torres,60,ulysses@example.com,NULL,2021-06-14 00:00:00
Vera,Clark,49,tara@example.com,94217,2020-02-12 00:00:00
Xena,Johnson,25,henry@example.com,50977,2022-05-11 00:00:00
Daniel,Hall,22,walter@example.com,48514,2023-02-15 00:00:00
Gina,Green,32,mia@example.com,34674,2023-01-13 00:00:00
Yasmine,Martin,21,catherine@example.com,30019,2023-01-06 00:00:00
Liam,Allen,33,rachel@example.com,45092,2020-03-24 00:00:00
Catherine,Robinson,34,zoe@example.com,84765,2023-12-16 00:00:00
Quincy,Clark,33,alice@example.com,75596,2021-07-29 00:00:00
Beatrice,Baker,57,walter@example.com,72289,2020-07-26 00:00:00
Bob,Jones,38,noah@example.com,119808,2021-03-12 00:00:00
Kevin,Jackson,29,vera@example.com,62750,2020-04-11 00:00:00
Gina,Brown,60,kira@example.com,not_available,2021-05-30 00:00:00
Victor,Jones,26,charlie@example.com,114109,2021-09-24 00:00:00
Tara,Flores,62,zoe@example.com,47628,2023-06-28 00:00:00
Vera,Mitchell,56,jack@example.com,94855,2022-10-22 00:00:00
Owen,Walker,22,quincy@example.com,not_available,2022-12-08 00:00:00
Walter,Garcia,31,grace@example.com,118006,2023-01-15 00:00:00
Hannah,Miller,56,daniel@example.com,34751,2021-05-19 00:00:00
David,Lee,39,liam@example.com,30604,2022-12-12 00:00:00
David,Garcia,28,wendy@example.com,43967,2020-08-24 00:00:00
Paul,Lee,43,david@example.com,113889,2022-01-18 00:00:00
Daniel,Hall,59,xander@example.com,72017,2022-04-10 00:00:00
Mia,Lewis,22,leo@example.com,108397,2022-03-05 00:00:00
Grace,Flores,52,ulysses@example.com,67125,2023-06-08 00:00:00
Jack,Williams,24,ivy@example.com,75563,2021-01-02 00:00:00
Charlie,King,33,jack@example.com,89086,2022-04-17 00:00:00
Liam,Rivera,61,liam@example.com,115620,2023-10-10 00:00:00
Steve,Davis,38,zoe@example.com,63109,2022-05-13 00:00:00
Gina,Baker,33,olivia@example.com,57529,2020-05-21 00:00:00
Charlie,Johnson,unknown,liam@example.com,100649,2020-11-11 00:00:00
Frank,Nguyen,29,tara@example.com,57571,2020-11-03 00:00:00
Rachel,Hill,53,frank@example.com,90071,2022-02-23 00:00:00
Aaron,Lee,34,xena@example.com,81473,2020-11-06 00:00:00
Frank,Young,27,daniel@example.com,111611,2023-08-27 00:00:00
Uma,Davis,unknown,tina@example.com,38042,2020-08-27 00:00:00
Hannah,Harris,49,leo@example.com,93874,2023-10-01 00:00:00
Liam,Torres,64,tina@example.com,109854,2021-10-07 00:00:00
Hannah,Scott,47,invalid_email,110936,2023-05-05 00:00:00
Tina,Martin,unknown,ella@example.com,72607,2022-07-16 00:00:00
Tina,King,61,ivy@example.com,55740,2022-11-24 00:00:00
Piper,Brown,57,wendy@example.com,41048,2020-02-25 00:00:00
Yara,Moore,50,rosa@example.com,82049,2022-10-10 00:00:00
Kira,Johnson,29,vera@example.com,96483,2022-04-05 00:00:00
Paul,Thomas,22,yasmine@example.com,118762,2022-07-14 00:00:00
Quincy,Smith,unknown,quincy@example.com,112002,2023-04-21 00:00:00
Xander,Hill,32,olivia@example.com,95425,2021-10-07 00:00:00
Xena,Rivera,60,samuel@example.com,116982,2022-02-06 00:00:00
Julia,Martinez,41,catherine@example.com,68844,2022-03-18 00:00:00
Ulysses,Robinson,31,liam@example.com,NULL,2020-11-03 00:00:00
Isaac,Moore,39,invalid_email,106729,2022-05-13 00:00:00
Xena,Rivera,26,isaac@example.com,109324,2022-09-22 00:00:00
Alice,Hill,56,alice@example.com,88066,2021-12-06 00:00:00
Henry,Baker,63,bob@example.com,94911,2023-01-12 00:00:00
Alice,White,51,ulysses@example.com,100657,2023-01-29 00:00:00
Gina,Rivera,37,steve@example.com,111008,2023-01-25 00:00:00
Grace,Walker,43,noah@example.com,36958,2022-13-01
Ulysses,Thompson,34,leo@example.com,110783,2023-10-26 00:00:00
Henry,Smith,39,gina@example.com,34284,2023-01-03 00:00:00
Isaac,Robinson,18,samuel@example.com,82963,2020-10-12 00:00:00
Ulysses,Miller,57,rosa@example.com,46340,2020-12-21 00:00:00
Walter,King,37,walter@example.com,56865,2023-06-26 00:00:00
Grace,Anderson,42,grace@example.com,66899,2020-08-30 00:00:00
Tina,Scott,52,jack@example.com,77900,2021-02-24 00:00:00
Ulysses,Rivera,24,tara@example.com,79015,2022-13-01
Victor,Johnson,58,aaron@example.com,117922,2020-01-01 00:00:00
Gina,Young,NULL,piper@example.com,36118,2020-10-27 00:00:00
Gina,Smith,24,nate@example.com,92840,2020-10-05 00:00:00
Daniel,Hall,56,alice@example.com,109351,2023-01-30 00:00:00
Ella,Nguyen,63,felix@example.com,69091,2022-04-21 00:00:00
Catherine,Thomas,43,maya@example.com,93980,2022-09-18 00:00:00
Olivia,Davis,NULL,quincy@example.com,48948,2021-05-10 00:00:00
Isaac,Jones,48,noah@example.com,86757,2020-07-31 00:00:00
Uma,Adams,35,isaac@example.com,119696,2020-08-31 00:00:00
Alice,King,39,kira@example.com,60229,2023-09-01 00:00:00
Bob,Hall,29,wendy@example.com,47620,2021-08-02 00:00:00
Rosa,Scott,35,kevin@example.com,31681,2020-02-27 00:00:00
David,Scott,29,yasmine@example.com,34503,2021-06-09 00:00:00
Kevin,Torres,55,ulysses@example.com,97704,2020-07-30 00:00:00
Jack,Davis,47,vera@example.com,71863,2020-08-05 00:00:00
Victor,Smith,60,uma@example.com,68486,2021-03-23 00:00:00
Isaac,Mitchell,37,zoe@example.com,43934,2023-11-29 00:00:00
Liam,Nelson,43,yara@example.com,47717,2022-13-01
Vera,Smith,24,rachel@example.com,31632,2020-05-11 00:00:00
Catherine,White,38,maya@example.com,81911,2020-08-26 00:00:00
Felix,Wright,40,paul@example.com,57138,2020-10-11 00:00:00
Kevin,Harris,26,ulysses@example.com,68619,2022-02-15 00:00:00
Maya,Lee,24,vera@example.com,106905,2021-11-26 00:00:00
Paul,Lewis,50,vera@example.com,80788,2021-05-16 00:00:00
Yara,Walker,45,quincy@example.com,58195,2020-08-22 00:00:00
Hannah,King,27,isaac@example.com,75721,2021-01-20 00:00:00
Noah,Lewis,60,julia@example.com,91788,2020-10-22 00:00:00
Steve,Hall,24,walter@example.com,92824,2022-01-30 00:00:00
Yara,Robinson,43,david@example.com,79709,2021-04-23 00:00:00
Kevin,Smith,19,bob@example.com,47184,2021-08-20 00:00:00
Ulysses,Jackson,23,zoe@example.com,112862,2021-01-18 00:00:00
Noah,Mitchell,63,zoe@example.com,44919,2022-11-30 00:00:00
Walter,Robinson,27,quinn@example.com,49194,2021-02-02 00:00:00
Ivy,Thompson,43,hannah@example.com,101525,2022-04-22 00:00:00
Henry,Young,60,catherine@example.com,57753,2022-07-16 00:00:00
Henry,Jones,23,rosa@example.com,47186,2020-03-28 00:00:00
Kira,King,46,walter@example.com,77098,2022-06-28 00:00:00
Vera,Torres,29,zoe@example.com,60747,2021-03-16 00:00:00
Leo,Hall,61,ulysses@example.com,60387,2022-06-10 00:00:00
Frank,Brown,47,kevin@example.com,114222,2022-06-28 00:00:00
Charlie,Thompson,45,olivia@example.com,NULL,2023-01-29 00:00:00
Rosa,Nelson,32,zoe@example.com,44468,2022-01-25 00:00:00
Frank,Jones,27,charlie@example.com,115069,2023-03-22 00:00:00
Daniel,Martin,51,paul@example.com,101324,2021-04-22 00:00:00
Owen,Baker,49,piper@example.com,60205,2022-10-24 00:00:00
Rosa,Martinez,21,yara@example.com,118891,2023-11-16 00:00:00
Ulysses,Rivera,34,nate@example.com,86388,2021-06-01 00:00:00
Grace,Walker,36,olivia@example.com,76624,2021-12-06 00:00:00
Ivy,Jackson,37,gina@example.com,76006,2020-11-27 00:00:00
Mia,Martin,39,kevin@example.com,83189,2022-12-14 00:00:00
Ulysses,Wilson,49,paul@example.com,34757,2022-13-01
Zoe,Brown,36,ulysses@example.com,97199,2023-11-04 00:00:00
Tina,Mitchell,35,olivia@example.com,117595,2022-03-07 00:00:00
Bob,Hill,NULL,felix@example.com,66740,2021-12-16 00:00:00
Aaron,Anderson,40,quincy@example.com,66336,2022-05-20 00:00:00
Vera,Hall,44,piper@example.com,31650,2023-08-22 00:00:00
Mia,Nelson,41,invalid_email,9999999,2023-01-24 00:00:00
Zoe,Walker,30,felix@example.com,51585,2021-12-02 00:00:00
Alice,Wilson,57,invalid_email,43600,2021-03-07 00:00:00
Quinn,Clark,22,ivy@example.com,39217,2023-07-15 00:00:00
Liam,Torres,34,jack@example.com,86796,2022-08-30 00:00:00
Xena,Rivera,59,charlie@example.com,49910,2023-02-03 00:00:00
Samuel,Rivera,21,xander@example.com,110096,2021-10-15 00:00:00
Piper,Young,53,steve@example.com,36564,2023-11-25 00:00:00
Piper,Harris,38,noah@example.com,115932,2020-01-31 00:00:00
Kevin,Clark,24,uma@example.com,39924,2021-03-25 00:00:00
Beatrice,Martin,60,bob@example.com,33141,2023-02-06 00:00:00
Yasmine,Scott,63,beatrice@example.com,NULL,2020-07-06 00:00:00
Gina,Campbell,25,daniel@example.com,96720,2021-06-02 00:00:00
Paul,Flores,unknown,invalid_email,108331,2021-07-20 00:00:00
Rosa,Davis,55,felix@example.com,100196,2020-06-29 00:00:00
Isaac,Nelson,41,xena@example.com,67932,2022-11-25 00:00:00
David,Wright,64,daniel@example.com,55286,2022-06-26 00:00:00
Eve,Smith,50,wendy@example.com,92616,2021-06-23 00:00:00
Steve,Rivera,51,beatrice@example.com,43151,2020-12-27 00:00:00
Walter,Rodriguez,51,maya@example.com,99154,2021-07-03 00:00:00
Ivy,Green,59,victor@example.com,72736,2020-12-06 00:00:00
Quincy,Wright,63,vera@example.com,70585,2021-08-30 00:00:00
Paul,Martin,29,owen@example.com,107591,2022-11-19 00:00:00
Rachel,Young,36,felix@example.com,54831,2020-05-07 00:00:00
Walter,Miller,29,rosa@example.com,54621,2021-02-19 00:00:00
Yasmine,Martinez,57,eve@example.com,42833,2022-13-01
Jack,Martin,47,xena@example.com,116973,2022-13-01
Nate,White,34,invalid_email,100195,2022-13-01
Ivy,King,38,rachel@example.com,105459,2022-01-21 00:00:00
Nate,Wright,50,kira@example.com,54267,2020-01-02 00:00:00
Catherine,Scott,34,quinn@example.com,35154,2021-05-22 00:00:00
Quinn,Torres,35,aaron@example.com,96056,2020-09-20 00:00:00
Maya,Miller,unknown,zoe@example.com,60445,2022-10-28 00:00:00
Julia,Baker,40,jack@example.com,51941,2022-11-20 00:00:00
Wendy,Garcia,54,rosa@example.com,114646,2021-11-06 00:00:00
Mia,Walker,19,david@example.com,53936,2021-02-24 00:00:00
Samuel,Taylor,29,gina@example.com,40847,2022-07-20 00:00:00
Uma,Torres,55,xander@example.com,77373,2020-01-04 00:00:00
Bob,Mitchell,32,bob@example.com,54428,2023-06-02 00:00:00
Wendy,Adams,29,isaac@example.com,82808,2020-11-05 00:00:00
Maya,Davis,25,invalid_email,84908,2023-11-27 00:00:00
Frank,Adams,57,piper@example.com,NULL,2021-06-14 00:00:00
Frank,Johnson,NULL,zoe@example.com,33562,2021-12-11 00:00:00
Piper,Nguyen,54,steve@example.com,63336,2020-12-04 00:00:00
Rosa,Young,18,tara@example.com,117158,2021-08-26 00:00:00
Victor,Williams,58,kevin@example.com,91156,2020-07-08 00:00:00
Xena,Nguyen,50,isaac@example.com,119413,2022-13-01
Bob,Taylor,23,kevin@example.com,111784,2022-07-15 00:00:00
Julia,King,34,noah@example.com,64102,2022-07-18 00:00:00
Xander,Flores,26,isaac@example.com,119760,2022-01-08 00:00:00
Steve,Martin,54,paul@example.com,39980,2021-02-13 00:00:00
Zoe,Adams,51,bob@example.com,not_available,2020-05-10 00:00:00
Quincy,Flores,22,yara@example.com,94681,2020-10-25 00:00:00
David,Wilson,44,julia@example.com,95040,2020-09-20 00:00:00
Paul,Green,30,tara@example.com,46829,2021-03-02 00:00:00
Noah,Lewis,52,steve@example.com,105790,2020-08-31 00:00:00
Ulysses,Anderson,61,xander@example.com,93725,2022-10-30 00:00:00
Mia,Green,37,alice@example.com,108586,2023-10-24 00:00:00
Olivia,Green,60,daniel@example.com,93688,2021-07-30 00:00:00
Liam,Jones,61,kira@example.com,98192,2021-01-06 00:00:00
Julia,Rivera,53,rosa@example.com,not_available,2022-06-19 00:00:00
Charlie,Thompson,50,invalid_email,109257,2023-05-05 00:00:00
Isaac,Taylor,42,tina@example.com,52001,2020-08-13 00:00:00
Ella,King,29,yasmine@example.com,79089,2023-03-04 00:00:00
Julia,Miller,56,maya@example.com,72227,2023-12-08 00:00:00
Frank,Flores,41,beatrice@example.com,57022,2021-07-04 00:00:00
Beatrice,King,44,invalid_email,118109,2020-12-15 00:00:00
Quinn,Thomas,39,leo@example.com,62246,2023-04-03 00:00:00
Ivy,Baker,NULL,kevin@example.com,87728,2023-12-23 00:00:00
Hannah,Scott,unknown,tara@example.com,91179,2022-10-10 00:00:00
Isaac,Young,25,alice@example.com,107766,2020-12-26 00:00:00
Noah,Mitchell,24,noah@example.com,73917,2020-09-17 00:00:00
Bob,Wilson,54,invalid_email,32467,2022-10-27 00:00:00
Xena,Robinson,35,victor@example.com,101270,2022-07-28 00:00:00
Wendy,Flores,47,uma@example.com,64379,2022-07-14 00:00:00
David,Hill,47,frank@example.com,118898,2022-02-18 00:00:00
Frank,Hall,40,maya@example.com,46002,2021-08-29 00:00:00
Rachel,King,47,liam@example.com,38365,2021-11-20 00:00:00
Mia,Flores,36,invalid_email,64483,2023-02-07 00:00:00
Leo,Thompson,29,gina@example.com,98819,2023-08-13 00:00:00
Mia,Martin,54,julia@example.com,106757,2020-10-14 00:00:00
Henry,Lewis,18,isaac@example.com,110500,2022-10-12 00:00:00
Beatrice,Young,54,noah@example.com,93635,2022-06-24 00:00:00
Piper,Adams,49,piper@example.com,36040,2021-07-18 00:00:00
Quinn,Moore,40,quinn@example.com,not_available,2020-05-30 00:00:00
Aaron,Martin,25,xander@example.com,62594,2020-08-07 00:00:00
Kevin,Green,42,maya@example.com,32545,2022-06-19 00:00:00
Kira,Davis,30,alice@example.com,82029,2020-03-29 00:00:00
Henry,Davis,23,jack@example.com,100804,2021-05-23 00:00:00
Mia,Thomas,48,aaron@example.com,113299,2023-11-16 00:00:00
Felix,Lewis,24,maya@example.com,51047,2021-08-11 00:00:00
Paul,Mitchell,27,piper@example.com,114255,2021-12-11 00:00:00
Zoe,Wright,31,david@example.com,102548,2023-11-28 00:00:00
Tina,Jackson,49,isaac@example.com,119354,2021-04-24 00:00:00
Isaac,Young,23,rachel@example.com,110439,2021-09-11 00:00:00
Maya,Adams,40,quinn@example.com,75462,2023-10-05 00:00:00
Bob,Anderson,48,zoe@example.com,63491,2022-06-11 00:00:00
Samuel,Torres,50,invalid_email,30872,2023-06-18 00:00:00
Hannah,Smith,33,felix@example.com,84260,2020-01-29 00:00:00
Leo,Campbell,63,zoe@example.com,71807,2020-01-13 00:00:00
David,Adams,64,quincy@example.com,106360,2020-09-15 00:00:00
Kevin,Lewis,18,invalid_email,52692,2023-07-12 00:00:00
Rachel,Rodriguez,52,victor@example.com,77789,2021-10-04 00:00:00
Tina,Williams,51,nate@example.com,37592,2023-10-19 00:00:00
Piper,Torres,18,rosa@example.com,95463,2023-02-25 00:00:00
Paul,Davis,35,ulysses@example.com,107921,2021-10-21 00:00:00
Paul,Baker,64,eve@example.com,65330,2020-09-23 00:00:00
Grace,Clark,22,gina@example.com,60061,2020-06-25 00:00:00
Ella,Davis,29,noah@example.com,52774,2022-05-19 00:00:00
Samuel,Scott,19,kira@example.com,65338,2022-13-01
Zoe,Young,64,piper@example.com,55816,2022-13-01
Ella,Baker,35,quinn@example.com,70950,2022-11-15 00:00:00
Rosa,Brown,51,olivia@example.com,36615,2023-05-03 00:00:00
Rosa,Scott,46,tara@example.com,36906,2021-02-16 00:00:00
Jack,Green,35,mia@example.com,116841,2021-01-08 00:00:00
Rosa,Miller,45,yara@example.com,72338,2023-11-29 00:00:00
Charlie,Harris,30,tina@example.com,36563,2023-06-29 00:00:00
Xena,Wright,48,invalid_email,31190,2023-01-21 00:00:00
Ella,Allen,29,ulysses@example.com,53874,2020-10-03 00:00:00
Alice,Garcia,49,aaron@example.com,107340,2020-09-23 00:00:00
Daniel,Young,23,rosa@example.com,61439,2023-07-12 00:00:00
Daniel,Martinez,39,aaron@example.com,41569,2021-12-31 00:00:00
Zoe,Walker,unknown,samuel@example.com,44294,2020-06-29 00:00:00
Noah,White,64,vera@example.com,112810,2023-11-01 00:00:00
Olivia,Flores,32,rosa@example.com,59462,2021-07-23 00:00:00
Leo,Torres,25,rosa@example.com,48597,2023-04-24 00:00:00
Zoe,King,43,xander@example.com,38347,2021-03-19 00:00:00
Paul,Nelson,22,frank@example.com,72939,2022-08-18 00:00:00
Jack,Campbell,25,maya@example.com,114425,2022-10-02 00:00:00
Uma,Young,61,ella@example.com,98316,2022-10-18 00:00:00
Liam,Allen,20,eve@example.com,112229,2020-09-09 00:00:00
Julia,Jackson,61,tina@example.com,75460,2022-07-11 00:00:00
Felix,Thompson,46,alice@example.com,100350,2020-05-02 00:00:00
Ulysses,Smith,32,ulysses@example.com,102065,2023-01-16 00:00:00
Noah,Thompson,47,xander@example.com,NULL,2020-08-09 00:00:00
Victor,Williams,25,leo@example.com,59462,2022-10-09 00:00:00
Ella,King,64,quinn@example.com,102409,2020-07-11 00:00:00
Kevin,Jones,64,quinn@example.com,92195,2020-08-05 00:00:00
Ivy,Thompson,62,owen@example.com,83071,2020-04-30 00:00:00
Piper,Martinez,26,paul@example.com,73994,2022-13-01
Samuel,White,40,hannah@example.com,49336,2021-04-05 00:00:00
Victor,Torres,20,julia@example.com,106057,2021-08-14 00:00:00
Tina,Brown,31,david@example.com,67356,2022-03-01 00:00:00
Julia,King,51,eve@example.com,50598,2020-08-03 00:00:00
Henry,Rodriguez,51,eve@example.com,61624,2022-09-16 00:00:00
Ivy,Taylor,24,liam@example.com,103026,2023-05-30 00:00:00
Quinn,Wright,38,alice@example.com,91369,2023-11-24 00:00:00
Kevin,Baker,50,felix@example.com,88790,2022-12-26 00:00:00
Grace,Miller,23,beatrice@example.com,73861,2022-04-24 00:00:00
Uma,Hall,21,walter@example.com,89267,2023-11-22 00:00:00
Xander,Jackson,46,quincy@example.com,85399,2023-06-30 00:00:00
Owen,Davis,32,aaron@example.com,84907,2020-08-03 00:00:00
Olivia,Rivera,49,xander@example.com,113329,2021-10-21 00:00:00
Mia,Robinson,42,maya@example.com,116808,2022-04-24 00:00:00
Felix,Hall,48,rachel@example.com,57387,2021-12-03 00:00:00
Owen,Flores,55,julia@example.com,33048,2023-07-29 00:00:00
Yasmine,Wilson,22,nate@example.com,113513,2023-11-21 00:00:00
Jack,Williams,37,isaac@example.com,52100,2020-10-29 00:00:00
Tina,Martin,30,felix@example.com,108581,2022-04-03 00:00:00
Frank,Lee,32,daniel@example.com,63543,2023-07-29 00:00:00
Walter,Baker,21,ella@example.com,52612,2022-08-13 00:00:00
Aaron,Jackson,62,quinn@example.com,63682,2020-08-31 00:00:00
Ivy,Smith,37,yasmine@example.com,63210,2020-03-01 00:00:00
Quincy,Campbell,63,alice@example.com,80324,2021-01-22 00:00:00
Ivy,Jackson,56,frank@example.com,80936,2022-10-07 00:00:00
Tina,King,NULL,eve@example.com,96557,2021-06-23 00:00:00
Hannah,Hill,42,nate@example.com,98380,2021-07-07 00:00:00
Hannah,Hall,46,henry@example.com,50541,2023-06-30 00:00:00
Tara,Mitchell,43,grace@example.com,119998,2022-13-01
Isaac,Wilson,49,tara@example.com,60230,2022-04-24 00:00:00
Henry,Thomas,41,gina@example.com,94949,2021-01-14 00:00:00
Aaron,Robinson,55,hannah@example.com,56318,2022-11-23 00:00:00
